{"cameraMode":{"drawMode":0,"name":"Shaded","section":"Shading Mode"},"sceneLighting":false,"audioPlay":false,"sceneViewState":{"m_AlwaysRefresh":false,"showFog":false,"showSkybox":false,"showFlares":false,"showImageEffects":false,"showParticleSystems":false,"showVisualEffectGraphs":true,"m_FxEnabled":true},"in2DMode":false,"pivot":{"x":-65.44760131835938,"y":0.20643144845962525,"z":-40.238887786865237},"rotation":{"x":-0.34615302085876467,"y":-0.24012692272663117,"z":0.09210449457168579,"w":-0.9023144841194153},"size":205.04161071777345,"orthographic":false}