{"cameraMode":{"drawMode":0,"name":"Shaded","section":"Shading Mode"},"sceneLighting":false,"audioPlay":false,"sceneViewState":{"m_AlwaysRefresh":false,"showFog":false,"showSkybox":false,"showFlares":false,"showImageEffects":false,"showParticleSystems":false,"showVisualEffectGraphs":true,"m_FxEnabled":false},"in2DMode":false,"pivot":{"x":0.7758108377456665,"y":1.0567936897277833,"z":-0.5413298010826111},"rotation":{"x":0.1724947988986969,"y":-0.31334054470062258,"z":0.058042608201503757,"w":0.9321394562721252},"size":0.16243061423301698,"orthographic":true}